Timestamp_Wall_Clock,Lane_Index,Navigation_Mode,Time_Taken_Seconds,Distance_Traveled_Meters
2026-06-06 16:52:24,0,PURE_APF_LOCAL_MINIMA_STALL,75.04,0.848
2026-06-06 16:52:26,1,PURE_APF_LOCAL_MINIMA_STALL,75.04,0.859
2026-06-06 16:52:29,2,PURE_APF_LOCAL_MINIMA_STALL,75.04,0.848
2026-06-06 16:52:31,3,PURE_APF_LOCAL_MINIMA_STALL,75.04,0.858
2026-06-06 16:54:33,0,PURE_APF_LOCAL_MINIMA_STALL,45.024,0.853
2026-06-06 16:54:34,1,PURE_APF_LOCAL_MINIMA_STALL,45.024,0.862
2026-06-06 16:54:35,2,PURE_APF_LOCAL_MINIMA_STALL,45.024,0.852
2026-06-06 16:54:37,3,PURE_APF_LOCAL_MINIMA_STALL,45.024,0.863
2026-06-06 17:00:42,0,PURE_APF_LOCAL_MINIMA_STALL,45.024,0.853
2026-06-06 17:00:43,1,PURE_APF_LOCAL_MINIMA_STALL,45.024,0.862
2026-06-06 17:01:08,0,PURE_APF_LOCAL_MINIMA_STALL,45.024,0.852
2026-06-06 17:01:09,1,PURE_APF_LOCAL_MINIMA_STALL,45.024,0.855
2026-06-06 17:04:04,0,PURE_APF_LOCAL_MINIMA_STALL,60.032,1.571
2026-06-06 17:04:06,0,PURE_APF_LOCAL_MINIMA_STALL,60.032,1.531
2026-06-06 17:04:08,0,PURE_APF_LOCAL_MINIMA_STALL,60.032,1.531
2026-06-06 17:04:10,0,PURE_APF_LOCAL_MINIMA_STALL,60.032,1.559
2026-06-06 17:04:12,0,PURE_APF_LOCAL_MINIMA_STALL,60.032,1.657
2026-06-06 17:04:14,0,PURE_APF_LOCAL_MINIMA_STALL,60.032,1.556
2026-06-06 17:04:16,0,PURE_APF_LOCAL_MINIMA_STALL,60.032,1.541
2026-06-06 17:04:18,0,PURE_APF_LOCAL_MINIMA_STALL,60.032,1.531
2026-06-06 17:05:14,0,PURE_APF_LOCAL_MINIMA_STALL,60.032,1.571
2026-06-06 17:05:18,0,PURE_APF_LOCAL_MINIMA_STALL,60.032,1.531
2026-06-06 17:07:13,0,PURE_APF_FAILED_TIMEOUT,90.016,1.088
2026-06-06 17:07:16,0,PURE_APF_FAILED_TIMEOUT,90.016,1.148
2026-06-06 17:07:19,0,PURE_APF_FAILED_TIMEOUT,90.016,1.078
2026-06-06 17:07:21,0,PURE_APF_FAILED_TIMEOUT,90.016,1.138
2026-06-06 17:07:24,0,PURE_APF_FAILED_TIMEOUT,90.016,1.079
2026-06-06 17:07:27,0,PURE_APF_FAILED_TIMEOUT,90.016,1.138
2026-06-06 17:07:29,0,PURE_APF_FAILED_TIMEOUT,90.016,1.152
2026-06-06 17:09:45,0,PURE_APF_FAILED_TIMEOUT,90.016,1.075
2026-06-06 17:09:48,0,PURE_APF_FAILED_TIMEOUT,90.016,1.081
2026-06-06 17:09:51,0,PURE_APF_FAILED_TIMEOUT,90.016,1.071
2026-06-06 17:09:54,0,PURE_APF_FAILED_TIMEOUT,90.016,1.071
2026-06-06 17:10:32,0,PURE_APF_FAILED_TIMEOUT,90.016,1.075
2026-06-06 17:12:22,0,PURE_APF_LOCAL_MINIMA_STALL,30.016,0.825
2026-06-06 17:12:23,0,PURE_APF_LOCAL_MINIMA_STALL,30.016,0.822
2026-06-06 17:12:24,0,PURE_APF_LOCAL_MINIMA_STALL,30.016,0.823
2026-06-06 17:12:25,0,PURE_APF_LOCAL_MINIMA_STALL,30.016,0.822
2026-06-06 17:12:26,0,PURE_APF_LOCAL_MINIMA_STALL,30.016,0.822
2026-06-06 17:12:27,0,PURE_APF_LOCAL_MINIMA_STALL,30.016,0.822
2026-06-06 17:12:29,0,PURE_APF_LOCAL_MINIMA_STALL,30.016,0.822
2026-06-06 17:12:30,0,PURE_APF_LOCAL_MINIMA_STALL,30.016,0.822
2026-06-06 17:12:31,0,PURE_APF_LOCAL_MINIMA_STALL,30.016,0.822
2026-06-06 17:12:32,0,PURE_APF_LOCAL_MINIMA_STALL,30.016,0.822
2026-06-06 17:12:32,0,PURE_APF_LOCAL_MINIMA_STALL,30.016,0.821
2026-06-06 17:12:33,0,PURE_APF_LOCAL_MINIMA_STALL,30.016,0.822
2026-06-06 17:12:34,0,PURE_APF_LOCAL_MINIMA_STALL,30.016,0.823
2026-06-06 17:12:35,0,PURE_APF_LOCAL_MINIMA_STALL,30.016,0.822
2026-06-06 17:12:36,0,PURE_APF_LOCAL_MINIMA_STALL,30.016,0.822
2026-06-06 17:12:37,0,PURE_APF_LOCAL_MINIMA_STALL,30.016,0.822
2026-06-06 17:12:38,0,PURE_APF_LOCAL_MINIMA_STALL,30.016,0.822
2026-06-06 17:12:39,0,PURE_APF_LOCAL_MINIMA_STALL,30.016,0.822
2026-06-06 17:12:40,0,PURE_APF_LOCAL_MINIMA_STALL,30.016,0.822
2026-06-06 17:12:41,0,PURE_APF_LOCAL_MINIMA_STALL,30.016,0.824
2026-06-06 17:16:33,0,PURE_APF_LOCAL_MINIMA_STALL,30.016,0.825
2026-06-06 17:16:33,0,PURE_APF_LOCAL_MINIMA_STALL,30.016,0.826
2026-06-06 17:16:34,0,PURE_APF_LOCAL_MINIMA_STALL,30.016,0.829
2026-06-06 17:16:35,0,PURE_APF_LOCAL_MINIMA_STALL,30.016,0.826
2026-06-06 17:16:35,0,PURE_APF_LOCAL_MINIMA_STALL,30.016,0.829
2026-06-06 17:16:36,0,PURE_APF_LOCAL_MINIMA_STALL,30.016,0.827
2026-06-06 17:16:36,0,PURE_APF_LOCAL_MINIMA_STALL,30.016,0.825
2026-06-06 17:16:36,0,PURE_APF_LOCAL_MINIMA_STALL,30.016,0.826
2026-06-06 17:16:37,0,PURE_APF_LOCAL_MINIMA_STALL,30.016,0.826
2026-06-06 17:16:37,0,PURE_APF_LOCAL_MINIMA_STALL,30.016,0.825
2026-06-06 17:16:38,0,PURE_APF_LOCAL_MINIMA_STALL,30.016,0.826
2026-06-06 17:16:38,0,PURE_APF_LOCAL_MINIMA_STALL,30.016,0.826
2026-06-06 17:16:39,0,PURE_APF_LOCAL_MINIMA_STALL,30.016,0.824
2026-06-06 17:18:48,0,PURE_APF_LOCAL_MINIMA_STALL,30.016,0.847
2026-06-06 17:18:49,0,PURE_APF_LOCAL_MINIMA_STALL,30.016,0.852
2026-06-06 17:20:06,0,PURE_APF_FAILED_TIMEOUT,90.016,1.411
2026-06-06 17:20:07,0,PURE_APF_FAILED_TIMEOUT,90.016,1.41
2026-06-06 17:22:07,0,PURE_APF_LOCAL_MINIMA_STALL,30.016,0.847
2026-06-06 17:22:08,0,PURE_APF_LOCAL_MINIMA_STALL,30.016,0.852
2026-06-06 17:22:08,0,PURE_APF_LOCAL_MINIMA_STALL,30.016,0.851
2026-06-06 17:22:09,0,PURE_APF_LOCAL_MINIMA_STALL,30.016,0.848
2026-06-06 17:22:10,0,PURE_APF_LOCAL_MINIMA_STALL,30.016,0.849
2026-06-06 17:22:10,0,PURE_APF_LOCAL_MINIMA_STALL,30.016,0.852
2026-06-06 17:22:11,0,PURE_APF_LOCAL_MINIMA_STALL,30.016,0.852
2026-06-06 17:22:11,0,PURE_APF_LOCAL_MINIMA_STALL,30.016,0.852
2026-06-06 17:23:16,0,PURE_APF_LOCAL_MINIMA_STALL,30.016,0.847
2026-06-06 17:23:17,0,PURE_APF_LOCAL_MINIMA_STALL,30.016,0.852
2026-06-06 17:23:17,0,PURE_APF_LOCAL_MINIMA_STALL,30.016,0.851
2026-06-06 17:23:18,0,PURE_APF_LOCAL_MINIMA_STALL,30.016,0.848
2026-06-06 17:23:18,0,PURE_APF_LOCAL_MINIMA_STALL,30.016,0.849
2026-06-06 17:23:19,0,PURE_APF_LOCAL_MINIMA_STALL,30.016,0.852
2026-06-06 17:23:19,0,PURE_APF_LOCAL_MINIMA_STALL,30.016,0.852
2026-06-06 17:25:43,0,PURE_APF_FAILED_TIMEOUT,90.016,2.499
2026-06-06 17:26:09,0,PURE_APF_FAILED_TIMEOUT,90.016,2.499
2026-06-06 17:26:14,0,PURE_APF_FAILED_TIMEOUT,90.016,2.505
2026-06-06 17:26:20,0,PURE_APF_FAILED_TIMEOUT,90.016,2.504
2026-06-06 17:29:04,0,PURE_APF_FAILED_TIMEOUT,90.016,3.352
2026-06-06 17:29:12,0,PURE_APF_FAILED_TIMEOUT,90.016,3.376
2026-06-06 17:29:19,0,PURE_APF_FAILED_TIMEOUT,90.016,3.375
2026-06-06 17:33:06,0,PURE_APF_FAILED_TIMEOUT,90.016,3.352
2026-06-06 17:39:01,0,PURE_APF_LOCAL_MINIMA_STALL,20.032,0.923
2026-06-06 17:39:03,0,PURE_APF_LOCAL_MINIMA_STALL,20.032,0.949
2026-06-06 17:39:04,0,PURE_APF_LOCAL_MINIMA_STALL,20.032,0.949
2026-06-06 17:39:05,0,PURE_APF_LOCAL_MINIMA_STALL,20.032,0.949
2026-06-06 17:45:41,0,PURE_APF_LOCAL_MINIMA_STALL,20.032,0.923
2026-06-06 17:45:42,0,PURE_APF_LOCAL_MINIMA_STALL,20.032,0.949
2026-06-06 17:45:44,0,PURE_APF_LOCAL_MINIMA_STALL,20.032,0.949
2026-06-06 17:45:45,0,PURE_APF_LOCAL_MINIMA_STALL,20.032,0.949
2026-06-06 17:45:46,0,PURE_APF_LOCAL_MINIMA_STALL,20.032,0.949
2026-06-06 17:45:47,0,PURE_APF_LOCAL_MINIMA_STALL,20.032,0.949
2026-06-06 17:45:48,0,PURE_APF_LOCAL_MINIMA_STALL,20.032,0.949
2026-06-06 17:45:49,0,PURE_APF_LOCAL_MINIMA_STALL,20.032,0.949
2026-06-06 17:45:51,0,PURE_APF_LOCAL_MINIMA_STALL,20.032,0.949
2026-06-06 17:45:52,0,PURE_APF_LOCAL_MINIMA_STALL,20.032,0.949
